Zip,PCI Change
96130,-0.033629145
89406,-0.016630859
95501,-0.062910382
82520,0.01228312
95422,0.018772696
73020,0.037902388
95540,-0.060953452
75964,0.015842281
93555,-0.007779545
93561,0.013911117
92284,-0.037318331
75652,0.011745947
89433,0.00179804
93212,-0.033118471
96150,0.019323092
